Name,Price,Image URL,Rating,Date_Extracted
SportQ SportQ Yoga Mat Non Slip 6mm Thick Nitrile Rubber Non Slip Mat for Home Exercise and Gym Gym Exercise ,450,N/A,4.1,2024-10-04
BODY SCULPTURE Full Round Foam Roller 15.2x45cm ,943,N/A,4.5,2024-10-04
TOEON 5-Piece Fitness Exercise Yoga Stretching Strap With Cloth Bag ,110,N/A,4.3,2024-10-04
SportQ Yoga Mat With Holder Strap And Bag - Blue ,480,N/A,3.9,2024-10-04
SportQ SportQ Yoga Mat Non Slip 6mm Thick Nitrile Rubber Non Slip Mat for Home Exercise and Gym Gym Exercise ,500,N/A,5.0,2024-10-04
SportQ SportQ Yoga Mat Non Slip 6mm Thick Nitrile Rubber Non Slip Mat for Home Exercise and Gym Gym Exercise -173x61 ,429,N/A,4.6,2024-10-04
Kanteen Store Non Slip Thick 6 mm Long  Eco Safe Yoga Mat 183 * 61 * 0.6cm ,540,N/A,N/A,2024-10-04
Cactus Fitness Cactus fitness Yoga Pilates Mat Gym Exercise Mat Home Fitness For Women And Men Non-slip TPE mat 183cm extra long ,585,N/A,4.8,2024-10-04
BODY SCULPTURE Yoga Exercise 173Lx61 W Cm- With Strap 6mm ,575,N/A,3.0,2024-10-04
"SportQ SportQ Foam Roller, Fitness Foam Roller, Deep Muscle Massage Roller Lightweight Muscle Roller for Yoga Pilates Muscle Relaxation, Balance Exercises, Physical Therapy Pain Relief ",399,N/A,5.0,2024-10-04
"BODY SCULPTURE Yoga Mat, Made From High Quality Eva Foam Rubber, 173x61cm ",406,N/A,4.4,2024-10-04
"SportQ SportQ Foam Roller, Fitness Foam Roller, Deep Muscle Massage Roller Lightweight Muscle Roller for Yoga Pilates Muscle Relaxation, Balance Exercises, Physical Therapy Pain Relief ",399,N/A,N/A,2024-10-04
"SportQ SportQ Ultimate Pro Premium Yoga Belt Natural Strap 8 Stretch Loops, Elastic Bands with Loops, Elastic Leg Extension Belt for Yoga, Flexibility for Therapy, Pilates, Yoga, Dance ",129,N/A,5.0,2024-10-04
"SportQ SportQ Foam Roller, Fitness Foam Roller, Deep Muscle Massage Roller Lightweight Muscle Roller for Yoga Pilates Muscle Relaxation, Balance Exercises, Physical Therapy Pain Relief ",399,N/A,N/A,2024-10-04
"SportQ SportQ Ultimate Pro Premium Yoga Belt Natural Strap 8 Stretch Loops, Elastic Bands with Loops, Elastic Leg Extension Belt for Yoga, Flexibility for Therapy, Pilates, Yoga, Dance ",129,N/A,5.0,2024-10-04
"SportQ Ultimate Recovery Foam Roller from SportQ Fitness, Deep Tissue Massage Roller and Muscle Massage Roller, for Yoga and Pilates for Muscle Relaxation, Balance, Physical Therapy, Pain Relief 45cm ",469,N/A,N/A,2024-10-04
"SportQ Ultimate Recovery Foam Roller from SportQ Fitness, Deep Tissue Massage Roller and Muscle Massage Roller, for Yoga and Pilates for Muscle Relaxation, Balance, Physical Therapy, Pain Relief 45cm ",469,N/A,5.0,2024-10-04
SportQ SportQ Yoga Mat Non Slip 6mm Thick Nitrile Rubber Non Slip Mat for Home Exercise and Gym Gym Exercise - ,450,N/A,N/A,2024-10-04
"Sports Exercise Rolling Wheel With Yoga Mat, 2 Wheels 110grams ",298,N/A,N/A,2024-10-04
Kanteen Store Portable Pilates Yoga Belt ,235,N/A,4.4,2024-10-04
BODY SCULPTURE Yoga Mat 185L X 80 CM ,"1,067",N/A,4.2,2024-10-04
EcoWellness Yoga Brick ,315,N/A,5.0,2024-10-04
Generic Tasheng Sports Yoga Mat PVC 4mm ,247,N/A,2.6,2024-10-04
"SportQ SportQ Foam Roller, Fitness Foam Roller, Deep Muscle Massage Roller Lightweight Muscle Roller for Yoga Pilates Muscle Relaxation, Balance Exercises, Physical Therapy Pain Relief ",399,N/A,N/A,2024-10-04
SportQ SPORTQ Ballerina Shoes Canvas Leather Sole Flat Dance Shoes Toddler Kids Yoga/Ballet Dancer Shoes Pink US 36 ,147,N/A,N/A,2024-10-04
Kanteen Store Anti Burst Gym Ball 65Cm Fitness Yoga Exercise Home Pregnancy Birthing Ball 65cm ,525,N/A,4.2,2024-10-04
Generic Set of 5 Levels Resistance Bands Yoga Belt Elastic Rubber Gym Strength Training Stretching Belts-ee ,87.40,N/A,4.2,2024-10-04
Sable 5-Piece Resistance Band Set With Carrying Case ,110,N/A,4.2,2024-10-04
SportQ SportQ Yoga Block Block High Density EVA Foam Non Slip Yoga Block for Home Gym Improve Stretching for Yoga/Pilates/Fitness (2 Pack) ,200,N/A,N/A,2024-10-04
Generic Sports Yoga Mat PVC 4mm ,247,N/A,3.7,2024-10-04
Kanteen Store Xtreme Resistance Workout Machine ,220,N/A,4.3,2024-10-04
"SportQ Ultimate Recovery Foam Roller from SportQ Fitness, Deep Tissue Massage Roller and Muscle Massage Roller, for Yoga and Pilates for Muscle Relaxation, Balance, Physical Therapy, Pain Relief 45cm ",469,N/A,N/A,2024-10-04
"Generic Lightweight Yoga Block Brick EVA Foam for Pilates & Fitness Workout, Pink ",159,N/A,5.0,2024-10-04
"SportQ SportQ Ultimate Pro Premium Yoga Belt Natural Strap 8 Stretch Loops, Elastic Bands with Loops, Elastic Leg Extension Belt for Yoga, Flexibility for Therapy, Pilates, Yoga, Dance ",129,N/A,N/A,2024-10-04
Kanteen Store 2 Pack Yoga Block Brick Foaming Foam Home Exercise Fitness Gym Sport Tool ,370,N/A,N/A,2024-10-04
"Generic Socks for yoga, pilates and fitness exercises - anti-slip ",159,N/A,3.9,2024-10-04
BODY SCULPTURE Yoga Mat 6.5 Mm ‎150L X 60Wcm ,435,N/A,3.8,2024-10-04
"SportQ SportQ Ultimate Pro Premium Yoga Belt Natural Strap 8 Stretch Loops, Elastic Bands with Loops, Elastic Leg Extension Belt for Yoga, Flexibility for Therapy, Pilates, Yoga, Dance ",129,N/A,5.0,2024-10-04
"Generic Lightweight Yoga Block Brick EVA Foam for Pilates & Fitness Workout, Purple ",159,N/A,5.0,2024-10-04
"SportQ SportQ Ultimate Pro Premium Yoga Belt Natural Strap 8 Stretch Loops, Elastic Bands with Loops, Elastic Leg Extension Belt for Yoga, Flexibility for Therapy, Pilates, Yoga, Dance ",129,N/A,N/A,2024-10-04
"SportQ SportQ Ultimate Pro Premium Yoga Belt Natural Strap 8 Stretch Loops, Elastic Bands with Loops, Elastic Leg Extension Belt for Yoga, Flexibility for Therapy, Pilates, Yoga, Dance ",129,N/A,N/A,2024-10-04
Kanteen Store Exercise Pilates Balance Yoga Gym Fitness Ball Aerobic Abdominal ,525,N/A,4.5,2024-10-04
"Generic Exercise Sliders Gliding Discs Dual Sided Total Body Workout System 2Pcs, Pink ",240,N/A,5.0,2024-10-04
"SportQ Ultimate Recovery Foam Roller from SportQ Fitness, Deep Tissue Massage Roller and Muscle Massage Roller, for Yoga and Pilates for Muscle Relaxation, Balance, Physical Therapy, Pain Relief 45cm ",469,N/A,5.0,2024-10-04
"Generic Yoga Pilates Ring Fitness Circle Full Body Workout Foam Padded Handles Ø 40CM, Black ",295,N/A,5.0,2024-10-04
Generic Back Massager Stretcher 40x25x3cm ,165,N/A,3.7,2024-10-04
Kanteen Store 5-Piece Gear Sport Resistance Loop Band Set ,110,N/A,5.0,2024-10-04
LIXADA Women Yoga Pants 22x20x3cm ,499,N/A,N/A,2024-10-04
SportQ SPORTQ Ballerina Shoes Canvas Leather Sole Flat Dance Shoes Toddler Kids Yoga/Ballet Dancer Shoes Pink US 28 ,147,N/A,N/A,2024-10-04
LIXADA 11-Piece Yoga Resistance Belt With Bag 22x6x19.00cm ,255,N/A,4.3,2024-10-04
Kanteen Store Anti Skid Double Wheel Total Body AB Roller Exerciser for Abdominal Stomach Exercise Training for Unisex - Black * Green ,280,N/A,4.6,2024-10-04
Kanteen Store The world's most advanced yoga mat 183 x 61 x 1cm ,710,N/A,4.4,2024-10-04
Kanteen Store Anti Burst Sports Swiss Yoga Aerobic Body Fitness Ball 65cm ,377,N/A,4.4,2024-10-04
"Generic Exercise Sliders Gliding Discs Dual Sided Total Body Workout System 2Pcs, Orange ",240,N/A,5.0,2024-10-04
"Generic Yoga Pilates Ring Fitness Circle Full Body Workout Foam Padded Handles Ø 40CM, Purple ",295,N/A,N/A,2024-10-04
SportQ SPORTQ Ballerina Shoes Canvas Leather Sole Flat Dance Shoes Toddler Kids Yoga/Ballet Dancer Shoes Flesh color US 32 ,149,N/A,5.0,2024-10-04
"SportQ Shuhuangya Shop Muscle Roller Foam Roller, Massage Stick with Hook, Rotating Roller Massager for Body Muscle Removal, Lifting Release, Legs, Quads, Leg Neck, Durable Roller for Massage ",330,N/A,N/A,2024-10-04
Kanteen Store Foldable Yoga Mat With Carry Strap 183x61x1.5cm ,710,N/A,N/A,2024-10-04
BODY SCULPTURE Interlocking Mat 60 x 60cm ,833,N/A,5.0,2024-10-04
BODY SCULPTURE Yoga Mat With Strap ,604,N/A,5.0,2024-10-04
Energetics PVC Yoga Mat 4mm 172x61 cm ,680,N/A,N/A,2024-10-04
SportQ SPORTQ Ballerina Shoes Canvas Leather Sole Flat Dance Shoes Toddler Kids Yoga/Ballet Dancer Shoes Flesh color US 41 ,149,N/A,N/A,2024-10-04
SportQ SPORTQ Ballerina Shoes Canvas Leather Sole Flat Dance Shoes Toddler Kids Yoga/Ballet Dancer Shoes Pink US 29 ,147,N/A,4.5,2024-10-04
SportQ SPORTQ Ballerina Shoes Canvas Leather Sole Flat Dance Shoes Toddler Kids Yoga/Ballet Dancer Shoes Pink US 30 ,167.70,N/A,N/A,2024-10-04
SportQ SportQ 4 in 1 Yoga Exercise Set®️Burstproof yoga ball + pump + non-slip yoga mat + professional exercise resistance band with long design of natural latex for fitness and balance exercises ,650,N/A,N/A,2024-10-04
"SportQ Ultimate Recovery Foam Roller from SportQ Fitness, Deep Tissue Massage Roller and Muscle Massage Roller, for Yoga and Pilates for Muscle Relaxation, Balance, Physical Therapy, Pain Relief 45cm ",469,N/A,5.0,2024-10-04
Generic High Density Exercise Yoga Mat ,399,N/A,4.5,2024-10-04
SportQ SPORTQ Ballerina Shoes Canvas Leather Sole Flat Dance Shoes Toddler Kids Yoga/Ballet Dancer Shoes Pink US 25 ,167,N/A,N/A,2024-10-04
BODY SCULPTURE Yoga Mat 860grams ,580,N/A,N/A,2024-10-04
SportQ SPORTQ Ballerina Shoes Canvas Leather Sole Flat Dance Shoes Toddler Kids Yoga/Ballet Dancer Shoes Pink US 32 ,167.70,N/A,N/A,2024-10-04
SportQ SPORTQ Ballerina Shoes Canvas Leather Sole Flat Dance Shoes Toddler Kids Yoga/Ballet Dancer Shoes Pink US 42 ,147,N/A,N/A,2024-10-04
SportQ SPORTQ Ballerina Shoes Canvas Leather Sole Flat Dance Shoes Toddler Kids Yoga/Ballet Dancer Shoes Flesh color US 26 ,149,N/A,4.0,2024-10-04
SportQ SPORTQ Ballerina Shoes Canvas Leather Sole Flat Dance Shoes Toddler Kids Yoga/Ballet Dancer Shoes Flesh color US 36 ,149,N/A,N/A,2024-10-04
"SportQ Ultimate Recovery Foam Roller from SportQ Fitness, Deep Tissue Massage Roller and Muscle Massage Roller, for Yoga and Pilates for Muscle Relaxation, Balance, Physical Therapy, Pain Relief 45cm ",469,N/A,N/A,2024-10-04
SportQ SPORTQ Ballerina Shoes Canvas Leather Sole Flat Dance Shoes Toddler Kids Yoga/Ballet Dancer Shoes Pink US 24 ,167.70,N/A,N/A,2024-10-04
BODY SCULPTURE Anti-Burst Gym Ball 75cm ,852,N/A,5.0,2024-10-04
Bestway Bestway Inflatable Dinosaur Bop Bags - 89cm - No:52287 ,266,N/A,N/A,2024-10-04
Generic Yoga Gym Swiss Ball 75cm ,500,N/A,4.4,2024-10-04
SportQ SPORTQ Ballerina Shoes Canvas Leather Sole Flat Dance Shoes Toddler Kids Yoga/Ballet Dancer Shoes Flesh color US 42 ,147,N/A,N/A,2024-10-04
SportQ SPORTQ Ballerina Shoes Canvas Leather Sole Flat Dance Shoes Toddler Kids Yoga/Ballet Dancer Shoes Flesh color US 25 ,167,N/A,N/A,2024-10-04
LIXADA Portable Home Gym Yoga Pilates Stick 92.5cm ,235,N/A,2.9,2024-10-04
BODY SCULPTURE Massage Foam Roller 13.5x32.5cm ,598,N/A,N/A,2024-10-04
"SportQ SportQ Ultimate Pro Premium Yoga Belt Natural Strap 8 Stretch Loops, Elastic Bands with Loops, Elastic Leg Extension Belt for Yoga, Flexibility for Therapy, Pilates, Yoga, Dance ",129,N/A,N/A,2024-10-04
SportQ SPORTQ Ballerina Shoes Canvas Leather Sole Flat Dance Shoes Toddler Kids Yoga/Ballet Dancer Shoes Flesh color US 24 ,147,N/A,N/A,2024-10-04
SportQ SPORTQ Ballerina Shoes Canvas Leather Sole Flat Dance Shoes Toddler Kids Yoga/Ballet Dancer Shoes Pink US 27 ,147,N/A,N/A,2024-10-04
SportQ SPORTQ Ballerina Shoes Canvas Leather Sole Flat Dance Shoes Toddler Kids Yoga/Ballet Dancer Shoes Pink US 41 ,147,N/A,N/A,2024-10-04
Kanteen Store Foam Roller For Deep Tissue Muscle Massage - Trigger Point Therapy - Myofascial Release - Muscle Roller For Fitness- Crossfit- Yoga & Pilates 14*33cm ,415,N/A,3.8,2024-10-04
BODY SCULPTURE Yoga Brick 22.9 x 15.2 x 7.6cm ,247,N/A,5.0,2024-10-04
"SportQ SportQ Ultimate Pro Premium Yoga Belt Natural Strap 8 Stretch Loops, Elastic Bands with Loops, Elastic Leg Extension Belt for Yoga, Flexibility for Therapy, Pilates, Yoga, Dance ",129,N/A,4.0,2024-10-04
Kanteen Store Anti-slip Carrying Strap Yoga Mat 1cm ,710,N/A,4.7,2024-10-04
Kanteen Store Anti-Burst Yoga Ball With Hand Pump 75cm ,600,N/A,4.1,2024-10-04
Generic Gym Exercise Fitness Weight Lifting Training Workout Gloves 54grams ,145,N/A,5.0,2024-10-04
Kanteen Store 65cm Exercise Pilates Balance Yoga Gym Fitness Ball Aerobic Abdominal Purple 65cm ,525,N/A,N/A,2024-10-04
Kanteen Store Yoga Mat-10mm Thick nbr-1 15.4cm ,710,N/A,N/A,2024-10-04
Kanteen Store World Fitness Yoga Exercises Mattress  Home Gym ,410,N/A,N/A,2024-10-04
"SportQ SportQ Foam Roller, Fitness Foam Roller, Deep Muscle Massage Roller Lightweight Muscle Roller for Yoga Pilates Muscle Relaxation, Balance Exercises, Physical Therapy Pain Relief ",399,N/A,N/A,2024-10-04
Bison Portable Pilates Studio ,235,N/A,4.1,2024-10-04
Kanteen Store Yoga Brick Block 23x8x15cm ,190,N/A,4.6,2024-10-04
Kanteen Store Ufit Yoga Mat With Carrying Bag - Red 63.6X13.8cm ,540,N/A,N/A,2024-10-04
Generic Yoga Fitness Exercise Ball With Air Pump 65cm ,399,N/A,4.4,2024-10-04
Kanteen Store Tasheng Sports Yoga Mat Pvc 6Mm Red 61.6X12.4cm ,540,N/A,5.0,2024-10-04
Kanteen Store Non Slip Thick 6 Mm Long 183 Cm Eco Safe Yoga Mat ,540,N/A,5.0,2024-10-04
Kanteen Store Yoga Exercise Block ,200,N/A,N/A,2024-10-04
Kanteen Store No Printed Latex Pull Ring Resistance Band 30x10x1cm ,220,N/A,N/A,2024-10-04
Kanteen Store Non Slip Thick 6 Mm Long 183 Cm Eco Safe Yoga Mat ,540,N/A,N/A,2024-10-04
Kanteen Store Yoga Pilates Mats 6mm ,540,N/A,4.0,2024-10-04
"SportQ SportQ Foam Roller, Fitness Foam Roller, Deep Muscle Massage Roller Lightweight Muscle Roller for Yoga Pilates Muscle Relaxation, Balance Exercises, Physical Therapy Pain Relief ",399,N/A,N/A,2024-10-04
Kanteen Store Ta Sports 1.0Cm Nbr Exercise Mat Ver Lines [] ,710,N/A,N/A,2024-10-04
Kanteen Store Yoga Pilates Mats 4mm ,540,N/A,N/A,2024-10-04
سبورت كيو اسطوانة فوم من سبورت كيو، اسطوانة فوم للياقة البدنية، اسطوانة تدليك العضلات العميقة وتدليك العضلات خفيفة الوزن لليوجا والبيلاتس لاسترخاء العضلات، تمارين التوازن،العلاج الطبيعي تخفيف الالام ,399,N/A,N/A,2024-10-04
"SportQ SportQ Foam Roller, Fitness Foam Roller, Deep Muscle Massage Roller Lightweight Muscle Roller for Yoga Pilates Muscle Relaxation, Balance Exercises, Physical Therapy Pain Relief ",399,N/A,N/A,2024-10-04
Kanteen Store Yoga Gym Fitness Ball 65cm ,525,N/A,N/A,2024-10-04
Kanteen Store Yoga Ball Gym Balance Stability Fitness Eercise With Air Pump Home Workout Equipment [Awd] 65cm ,525,N/A,N/A,2024-10-04
Kanteen Store Pvc Mat For Yoga Training ,540,N/A,N/A,2024-10-04
Kanteen Store Gym Eercise Swiss Fitness Pregnancy Birthing Injury Sciatica Yoga Ball 65cm ,525,N/A,N/A,2024-10-04
"Kanteen Store Gymbit Yoga Mat With Carrying Bag, ",540,N/A,5.0,2024-10-04
Kanteen Store Non Slip Yoga Mat With Carrying Bag 173x61x6cm ,540,N/A,4.0,2024-10-04
Kanteen Store Training Mats - 	Exercise ,710,N/A,N/A,2024-10-04
Generic Yoga Foam Roller Muscle Stretching Tube ,399,N/A,5.0,2024-10-04
TOEON Portable Pilates Studio ,235,N/A,4.0,2024-10-04
"SportQ Ultimate Recovery Foam Roller from SportQ Fitness, Deep Tissue Massage Roller and Muscle Massage Roller, for Yoga and Pilates for Muscle Relaxation, Balance, Physical Therapy, Pain Relief 45cm ",469,N/A,N/A,2024-10-04
Kanteen Store Non-Slip Yoga Mat With Carrying Bag 173x61cm ,540,N/A,N/A,2024-10-04
Kanteen Store Pilates Eva Yoga Block Brick Sports Exercise Gym Foam Workout Stretching Aid Body Shaping Health Training ,190,N/A,5.0,2024-10-04
Kanteen Store Exercise Fitness Aerobic Ball For Gym Yoga Pilates Pregnancy Birthing 65cm ,525,N/A,3.5,2024-10-04
Kanteen Store Sport Fitness Foam Roller Eva For Massage Standard Exercises Physical Therapy Soft Yoga Block Pilates 33cm ,415,N/A,N/A,2024-10-04
Kanteen Store Pure Color Anti-Skid Yoga Mat Nonslip Fitness Pad 10Mm Thick With Carrying Strap & Bag - Green ,710,N/A,N/A,2024-10-04
"SportQ Ultimate Recovery Foam Roller from SportQ Fitness, Deep Tissue Massage Roller and Muscle Massage Roller, for Yoga and Pilates for Muscle Relaxation, Balance, Physical Therapy, Pain Relief 45cm ",469,N/A,N/A,2024-10-04
Kanteen Store 5-Piece Fitness Exercise Resistance Band Set With Bag ,120,N/A,4.8,2024-10-04
Kanteen Store Yoga Pilates Mats 173x61cm ,540,N/A,N/A,2024-10-04
Kanteen Store Yoga Block Brick ,190,N/A,N/A,2024-10-04
Kanteen Store Yoga Pilates Mats 6cm ,540,N/A,N/A,2024-10-04
"SportQ SportQ Foam Roller, Fitness Foam Roller, Deep Muscle Massage Roller Lightweight Muscle Roller for Yoga Pilates Muscle Relaxation, Balance Exercises, Physical Therapy Pain Relief ",399,N/A,N/A,2024-10-04
Kanteen Store Yoga Mat With Carrying Strap And Bag-Red 72*1*24cm ,710,N/A,N/A,2024-10-04
"SportQ Ultimate Recovery Foam Roller from SportQ Fitness, Deep Tissue Massage Roller and Muscle Massage Roller, for Yoga and Pilates for Muscle Relaxation, Balance, Physical Therapy, Pain Relief 45cm ",469,N/A,N/A,2024-10-04
Kanteen Store No Printed Latex Pull Ring Resistance Band 30x10x1cm ,220,N/A,N/A,2024-10-04
"SportQ SportQ Foam Roller, Fitness Foam Roller, Deep Muscle Massage Roller Lightweight Muscle Roller for Yoga Pilates Muscle Relaxation, Balance Exercises, Physical Therapy Pain Relief ",399,N/A,N/A,2024-10-04
DBT 5-Piece Yoga Exercise Band Set With Storage Bag ,134,N/A,5.0,2024-10-04
Kanteen Store Spurt 18D221A Printed Yoga Mat 173*61cm ,540,N/A,N/A,2024-10-04
Kanteen Store Non Slip Thick 6 mm Long 183 cm Eco Safe Yoga  Mat 183 * 61 * 0.6cm ,540,N/A,N/A,2024-10-04
Kanteen Store Yoga Pilates Mats 173×61x0.6cm ,540,N/A,N/A,2024-10-04
Kanteen Store Non-Slip Yoga Mat 173x61cm ,540,N/A,N/A,2024-10-04
Kanteen Store Yoga Exercise Fitness Block ,200,N/A,N/A,2024-10-04
Kanteen Store Non Slip Yoga Mat With Carrying Bag 173x61cm ,540,N/A,N/A,2024-10-04
Kanteen Store Yoga Mat For Training ,540,N/A,N/A,2024-10-04
Kanteen Store Exercise Yoga Mat 183*61*1cm ,710,N/A,N/A,2024-10-04
Kanteen Store Yoga Block Brick Foaming Foam Home Exercise  Fitness Gym Sport Tool 23*15*7.5cm ,200,N/A,N/A,2024-10-04
Kanteen Store Foldable Yoga Mat With Carrying Bag 173x61cm ,710,N/A,N/A,2024-10-04
EcoWellness Yoga Strap ,232,N/A,N/A,2024-10-04
Kanteen Store King Lion Gym Ball 65cm ,525,N/A,5.0,2024-10-04
Kanteen Store Eercise Fitness Aerobic Ball For Gym Yoga Pilates Pregnancy Birthing Swiss 65cm ,525,N/A,3.7,2024-10-04
"Kanteen Store Extreme Abdominal Trainer ,Just 5 Minutes A Day And You Will Achieve Tremendous Results ",400,N/A,N/A,2024-10-04
Kanteen Store Yoga Pilates Mats 68 X 24cm ,710,N/A,N/A,2024-10-04
Kanteen Store 6MM Thick Yoga Mat Durable Non-Slip 68*24cm ,540,N/A,N/A,2024-10-04
Kanteen Store Ufit Yoga Mat With Carrying Strap & Bag- 10 Mm - Red 61 x 173cm ,710,N/A,N/A,2024-10-04
Kanteen Store Yoga Pilates Mats 6mm ,540,N/A,N/A,2024-10-04
Kanteen Store Foldable Yoga Mat With Carry Strap 183x61x1.5cm ,540,N/A,N/A,2024-10-04
Kanteen Store Gym Ball Eercise Fitness Aerobic Yoga Core Muscles Swiss Back Workout Dual Action Pump ,525,N/A,N/A,2024-10-04
Kanteen Store Yoga Mat ,710,N/A,N/A,2024-10-04
Kanteen Store Yoga Brick Orange 23x8x15cm ,190,N/A,N/A,2024-10-04
Kanteen Store Favorite  Swiss  Ball Fitness Eercise Gym Yoga Ab Abdominal Fit Toning Weight Loss 65cm ,525,N/A,N/A,2024-10-04
Kanteen Store yoga mat orange 173*61*0.6cm ,540,N/A,N/A,2024-10-04
Kanteen Store 5-Piece Latex Resistant Belt Set ,220,N/A,N/A,2024-10-04
Kanteen Store Gym Core Swiss Ball - 65 cm 65cm ,525,N/A,N/A,2024-10-04
Kanteen Store Yoga Pilates Mats 68 X 24cm ,710,N/A,N/A,2024-10-04
Kanteen Store Icon Sport Yoga Fitness Mat ,540,N/A,4.0,2024-10-04
مور ميزان مور اشخاص 160 كيلو+شنطة دكان علاء ,"1,200",N/A,5.0,2024-10-04
"Kanteen Store Eva Foam Yoga Block Brick, ",190,N/A,N/A,2024-10-04
Kanteen Store Double Wheel Fitness Exercises ,400,N/A,N/A,2024-10-04
Kanteen Store Non-Slip Yoga Block ,200,N/A,N/A,2024-10-04
Kanteen Store 5-Piece Exercise Resistance Loop Band Set ,134,N/A,4.2,2024-10-04
Kanteen Store Yoga Mat Thickness 0.5cm ,540,N/A,N/A,2024-10-04
Kanteen Store Gym Ball Anti Burst Fitness Exercise Yoga Core Pregnancy Birthing Ball 65cm ,525,N/A,N/A,2024-10-04
Kanteen Store Eercise  Gym Yoga Swiss Ball Fitness Ab Keep Fit Tone Weightloss Free Pump  Rose 65cm ,525,N/A,N/A,2024-10-04
Kanteen Store Yoga Eva Foam Block ,200,N/A,N/A,2024-10-04
Kanteen Store Exercise Rolling Wheel With Yoga Mat ,250,N/A,N/A,2024-10-04
Kanteen Store Gym Exercise Anti Burst Swiss Yoga Aerobic Body Fitness Ball 65cm ,525,N/A,5.0,2024-10-04
Kanteen Store Anti Burst Gym Ball For Yoga Exercise Home Pregnancy Birthing 65cm ,525,N/A,N/A,2024-10-04
TOEON 5-Piece Fitness Exercise Yoga Stretching Strap With Cloth Bag ,134,N/A,3.2,2024-10-04
Kanteen Store Ufit Pvc Yoga Mat With Carrying Bag ,540,N/A,N/A,2024-10-04
Kanteen Store Anti Burst Gym Exercise Ball Swiss Yoga Fitness Core Pregnancy Birthing Ball 65cm ,399,N/A,N/A,2024-10-04
Kanteen Store Yoga Swiss Ball 65cm ,525,N/A,5.0,2024-10-04
Kanteen Store Yoga Mat With Carrying Bag ,540,N/A,N/A,2024-10-04
Kanteen Store Exercise Rolling Wheel With Yoga Mat ,250,N/A,N/A,2024-10-04
Kanteen Store Yoga Brick ,200,N/A,N/A,2024-10-04
TOEON 12-Piece Multi-Functional Fitness Stretching Strap ,285,N/A,5.0,2024-10-04
Kanteen Store Pvc Mat For Yoga Training - Green ,540,N/A,N/A,2024-10-04
Kanteen Store Eercise Fitness Aerobic Ball For Gym Yoga Pilates Pregnancy Birthing Swiss 65cm ,525,N/A,5.0,2024-10-04
Kanteen Store Yoga Mat With Carrying Bag- 6 Mm - Orange ,540,N/A,N/A,2024-10-04
Kanteen Store Yoga Pilates Mats 10cm ,710,N/A,N/A,2024-10-04
Kanteen Store Yoga Exercise Block ,200,N/A,N/A,2024-10-04
Kanteen Store Newest Swiss   Eercise Fitness Aerobic Ball For Gym Yoga Pilates 65cm ,525,N/A,N/A,2024-10-04
Kanteen Store Yoga Brick With High Density 40 Degree 22.8*15.2*7.6cm ,200,N/A,N/A,2024-10-04
Kanteen Store Foldable Yoga Mat With Carrying Bag 173x61cm ,540,N/A,N/A,2024-10-04
Kanteen Store 5-Piece Latex Resistant Belt Set ,220,N/A,N/A,2024-10-04
"Kanteen Store Gymbit Yoga Mat With Carrying Bag, ",540,N/A,N/A,2024-10-04
Kanteen Store Gym Ball Anti Burst Fitness Exercise Yoga Core Pregnancy Birthing Ball 65cm ,525,N/A,N/A,2024-10-04
Kanteen Store Anti Burst Gym Eercise Sports Swiss Yoga Aerobic Body Fitness Ball 65cm ,525,N/A,N/A,2024-10-04
Kanteen Store 1Pc Yoga Brick Portable Eva Foam Solid  Fitness Equipment ,370,N/A,N/A,2024-10-04
Kanteen Store Gym Ball Anti Burst Fitness Exercise Yoga Core Pregnancy Birthing Ball 65cm ,525,N/A,N/A,2024-10-04
Kanteen Store Yoga Pilates Mats 10mm ,710,N/A,N/A,2024-10-04
